bin_lo,bin_hi,count,mean_pred,empirical
0.0,0.1,77888,0.029083,0.111198
0.1,0.2,27873,0.147673,0.293904
0.2,0.3,22527,0.248809,0.371332
0.3,0.4,19263,0.348711,0.437886
0.4,0.5,17379,0.449733,0.527246
0.5,0.6,16439,0.549472,0.591459
0.6,0.7,15869,0.650655,0.635075
0.7,0.8,16225,0.750292,0.693251
0.8,0.9,18106,0.852091,0.768254
0.9,1.0,76338,0.979070,0.946907
